{"_wandb":{"runtime":52},"val_acc":0.9534,"epoch":1,"_step":1,"_runtime":52.177837,"_timestamp":1.7274627017017658e+09,"train_loss":0.14357292677795644,"train_acc":0.9537636363636364,"val_loss":0.14264974114779808}