{"_wandb":{"runtime":50},"train_loss":0.05279238789841847,"_runtime":50.125968,"val_acc":0.981,"_timestamp":1.7274619452766662e+09,"epoch":1,"_step":1,"val_loss":0.06027870621647143,"train_acc":0.9838545454545454}