{"_runtime":54.074882,"_step":1,"train_loss":0.07353400471403675,"_timestamp":1.727462265955084e+09,"epoch":1,"val_loss":0.053074947388878066,"train_acc":0.9774181818181819,"val_acc":0.9828,"_wandb":{"runtime":54}}